<?xml version="1.0" encoding="UTF-8"?> 
<project>                                  
  <executable name="pca9865_comms.elf">                 
    <memory name="program">              
      <units>bytes</units>                 
      <length>131072</length>                 
      <used>9269</used>                     
      <free>121803</free>                     
    </memory>                              
    <memory name="data">                 
      <units>bytes</units>                 
      <length>16384</length>                 
      <used>61</used>                     
      <free>16323</free>                     
    </memory>                              
  </executable>                            
</project>                                 
