{
    "Servo Vertical": {
        "min": 73,
        "max": 117,
        "mid": 95
    },
    "Servo 4": {
        "min": 13,
        "max": 49,
        "mid": 21
    },
    "Servo 5": {
        "min": 63,
        "max": 139,
        "mid": 96
    },
    "Servo 6": {
        "min": 68,
        "max": 145,
        "mid": 115
    },
    "Servo Horizontal": {
        "min": 44,
        "max": 102,
        "mid": 67
    },
    "Servo 3": {
        "min": 64,
        "max": 118,
        "mid": 96
    }
}