servo,img_point,img_max,servo_angle,servo_min,servo_max
Servo Vertical,413,576,105,73,117
Servo Horizontal,406,1024,62,44,102
Servo Vertical,414,576,105,73,117
Servo Horizontal,318,1024,58,44,102
Servo Vertical,377,576,102,73,117
Servo Horizontal,354,1024,60,44,102
Servo Vertical,374,576,102,73,117
Servo Horizontal,457,1024,65,44,102
Servo Vertical,371,576,101,73,117
Servo Horizontal,515,1024,67,44,102
Servo Vertical,396,576,103,73,117
Servo Horizontal,488,1024,66,44,102
Servo Vertical,402,576,104,73,117
Servo Horizontal,506,1024,67,44,102
Servo Vertical,400,576,104,73,117
Servo Horizontal,560,1024,70,44,102
Servo Vertical,392,576,103,73,117
Servo Horizontal,624,1024,75,44,102
Servo Vertical,382,576,102,73,117
Servo Horizontal,659,1024,77,44,102
Servo Vertical,393,576,103,73,117
Servo Horizontal,743,1024,83,44,102
Servo Vertical,389,576,103,73,117
Servo Horizontal,798,1024,87,44,102
Servo Vertical,385,576,102,73,117
Servo Horizontal,849,1024,90,44,102
Servo Vertical,381,576,102,73,117
Servo Horizontal,872,1024,92,44,102
Servo Vertical,410,576,104,73,117
Servo Horizontal,806,1024,87,44,102
Servo Vertical,393,576,103,73,117
Servo Horizontal,939,1024,96,44,102
Servo Vertical,397,576,103,73,117
Servo Horizontal,955,1024,97,44,102
Servo Vertical,400,576,104,73,117
Servo Horizontal,975,1024,99,44,102
Servo Vertical,404,576,104,73,117
Servo Horizontal,989,1024,100,44,102
Servo Vertical,397,576,103,73,117
Servo Horizontal,993,1024,100,44,102
Servo Vertical,390,576,103,73,117
Servo Horizontal,968,1024,98,44,102
Servo Vertical,414,576,105,73,117
Servo Horizontal,955,1024,97,44,102
Servo Vertical,428,576,106,73,117
Servo Horizontal,912,1024,94,44,102
Servo Vertical,458,576,108,73,117
Servo Horizontal,760,1024,84,44,102
Servo Vertical,469,576,109,73,117
Servo Horizontal,725,1024,82,44,102
Servo Vertical,481,576,110,73,117
Servo Horizontal,656,1024,77,44,102
Servo Vertical,482,576,110,73,117
Servo Horizontal,598,1024,73,44,102
Servo Vertical,474,576,109,73,117
Servo Horizontal,514,1024,67,44,102
Servo Vertical,440,576,107,73,117
Servo Horizontal,456,1024,64,44,102
Servo Vertical,408,576,104,73,117
Servo Horizontal,404,1024,62,44,102
Servo Vertical,378,576,102,73,117
Servo Horizontal,330,1024,59,44,102
Servo Vertical,362,576,101,73,117
Servo Horizontal,244,1024,55,44,102
Servo Vertical,352,576,100,73,117
Servo Horizontal,222,1024,54,44,102
Servo Vertical,346,576,99,73,117
Servo Horizontal,172,1024,52,44,102
Servo Vertical,345,576,99,73,117
Servo Horizontal,137,1024,50,44,102
Servo Vertical,340,576,99,73,117
Servo Horizontal,93,1024,48,44,102
Servo Vertical,342,576,99,73,117
Servo Horizontal,74,1024,47,44,102
Servo Vertical,340,576,99,73,117
Servo Horizontal,62,1024,47,44,102
Servo Vertical,288,576,95,73,117
Servo Horizontal,51,1024,46,44,102
Servo Vertical,237,576,91,73,117
Servo Horizontal,76,1024,47,44,102
Servo Vertical,196,576,88,73,117
Servo Horizontal,92,1024,48,44,102
Servo Vertical,174,576,86,73,117
Servo Horizontal,116,1024,49,44,102
Servo Vertical,165,576,86,73,117
Servo Horizontal,189,1024,52,44,102
Servo Vertical,142,576,84,73,117
Servo Horizontal,228,1024,54,44,102
Servo Vertical,117,576,82,73,117
Servo Horizontal,241,1024,55,44,102
Servo Vertical,87,576,80,73,117
Servo Horizontal,249,1024,55,44,102
Servo Vertical,70,576,78,73,117
Servo Horizontal,255,1024,55,44,102
Servo Vertical,50,576,77,73,117
Servo Horizontal,298,1024,57,44,102
Servo Vertical,102,576,81,73,117
Servo Horizontal,308,1024,58,44,102
Servo Vertical,172,576,86,73,117
Servo Horizontal,310,1024,58,44,102
Servo Vertical,232,576,91,73,117
Servo Horizontal,312,1024,58,44,102
Servo Vertical,272,576,94,73,117
Servo Horizontal,328,1024,59,44,102
Servo Vertical,312,576,97,73,117
Servo Horizontal,354,1024,60,44,102
Servo Vertical,365,576,101,73,117
Servo Horizontal,377,1024,61,44,102
Servo Vertical,377,576,102,73,117
Servo Horizontal,364,1024,60,44,102
Servo Vertical,400,576,104,73,117
Servo Horizontal,365,1024,60,44,102
Servo Vertical,413,576,105,73,117
Servo Horizontal,364,1024,60,44,102
Servo Vertical,438,576,106,73,117
Servo Horizontal,364,1024,60,44,102
Servo Vertical,460,576,108,73,117
Servo Horizontal,368,1024,61,44,102
Servo Vertical,477,576,109,73,117
Servo Horizontal,364,1024,60,44,102
Servo Vertical,495,576,111,73,117
Servo Horizontal,395,1024,62,44,102
Servo Vertical,490,576,110,73,117
Servo Horizontal,451,1024,64,44,102
Servo Vertical,488,576,110,73,117
Servo Horizontal,488,1024,66,44,102
Servo Vertical,487,576,110,73,117
Servo Horizontal,543,1024,69,44,102
Servo Vertical,484,576,110,73,117
Servo Horizontal,582,1024,72,44,102
Servo Vertical,486,576,110,73,117
Servo Horizontal,622,1024,75,44,102
Servo Vertical,485,576,110,73,117
Servo Horizontal,645,1024,76,44,102
Servo Vertical,482,576,110,73,117
Servo Horizontal,657,1024,77,44,102
Servo Vertical,480,576,110,73,117
Servo Horizontal,672,1024,78,44,102
Servo Vertical,474,576,109,73,117
Servo Horizontal,690,1024,79,44,102
Servo Vertical,474,576,109,73,117
Servo Horizontal,705,1024,80,44,102
Servo Vertical,474,576,109,73,117
Servo Horizontal,720,1024,81,44,102
Servo Vertical,471,576,109,73,117
Servo Horizontal,738,1024,82,44,102
Servo Vertical,469,576,109,73,117
Servo Horizontal,756,1024,84,44,102
Servo Vertical,218,576,90,73,117
Servo Horizontal,609,1024,74,44,102
Servo Vertical,214,576,89,73,117
Servo Horizontal,617,1024,74,44,102
Servo Vertical,210,576,89,73,117
Servo Horizontal,620,1024,74,44,102
Servo Vertical,369,576,101,73,117
Servo Horizontal,746,1024,83,44,102
Servo Vertical,410,576,104,73,117
Servo Horizontal,800,1024,87,44,102
Servo Vertical,481,576,110,73,117
Servo Horizontal,632,1024,75,44,102
Servo Vertical,92,576,80,73,117
Servo Horizontal,782,1024,85,44,102
Servo Vertical,480,576,110,73,117
Servo Horizontal,626,1024,75,44,102
Servo Vertical,476,576,109,73,117
Servo Horizontal,598,1024,73,44,102
Servo Vertical,90,576,80,73,117
Servo Horizontal,784,1024,86,44,102
Servo Vertical,501,576,111,73,117
Servo Horizontal,581,1024,72,44,102
Servo Vertical,390,576,103,73,117
Servo Horizontal,365,1024,60,44,102
Servo Vertical,326,576,98,73,117
Servo Horizontal,611,1024,74,44,102
Servo Vertical,531,576,114,73,117
Servo Horizontal,149,1024,51,44,102
Servo Vertical,497,576,111,73,117
Servo Horizontal,252,1024,55,44,102
Servo Vertical,92,576,80,73,117
Servo Horizontal,784,1024,86,44,102
Servo Vertical,370,576,101,73,117
Servo Horizontal,808,1024,87,44,102
Servo Vertical,492,576,111,73,117
Servo Horizontal,228,1024,54,44,102
Servo Vertical,471,576,109,73,117
Servo Horizontal,872,1024,92,44,102
Servo Vertical,385,576,102,73,117
Servo Horizontal,855,1024,90,44,102
Servo Vertical,356,576,100,73,117
Servo Horizontal,865,1024,91,44,102
Servo Vertical,326,576,98,73,117
Servo Horizontal,871,1024,92,44,102
Servo Vertical,281,576,94,73,117
Servo Horizontal,842,1024,90,44,102
Servo Vertical,280,576,94,73,117
Servo Horizontal,838,1024,89,44,102
Servo Vertical,234,576,91,73,117
Servo Horizontal,832,1024,89,44,102
Servo Vertical,162,576,85,73,117
Servo Horizontal,800,1024,87,44,102
Servo Vertical,149,576,84,73,117
Servo Horizontal,782,1024,85,44,102
Servo Vertical,122,576,82,73,117
Servo Horizontal,758,1024,84,44,102
Servo Vertical,91,576,80,73,117
Servo Horizontal,737,1024,82,44,102
Servo Vertical,66,576,78,73,117
Servo Horizontal,700,1024,80,44,102
Servo Vertical,57,576,77,73,117
Servo Horizontal,646,1024,76,44,102
Servo Vertical,52,576,77,73,117
Servo Horizontal,576,1024,71,44,102
Servo Vertical,48,576,77,73,117
Servo Horizontal,518,1024,67,44,102
Servo Vertical,44,576,76,73,117
Servo Horizontal,462,1024,65,44,102
Servo Vertical,492,576,111,73,117
Servo Horizontal,212,1024,54,44,102
Servo Vertical,42,576,76,73,117
Servo Horizontal,338,1024,59,44,102
Servo Vertical,44,576,76,73,117
Servo Horizontal,308,1024,58,44,102
Servo Vertical,40,576,76,73,117
Servo Horizontal,268,1024,56,44,102
Servo Vertical,41,576,76,73,117
Servo Horizontal,243,1024,55,44,102
Servo Vertical,39,576,76,73,117
Servo Horizontal,205,1024,53,44,102
Servo Vertical,38,576,76,73,117
Servo Horizontal,185,1024,52,44,102
Servo Vertical,45,576,76,73,117
Servo Horizontal,164,1024,51,44,102
Servo Vertical,108,576,81,73,117
Servo Horizontal,194,1024,53,44,102
Servo Vertical,500,576,111,73,117
Servo Horizontal,846,1024,90,44,102
Servo Vertical,216,576,90,73,117
Servo Horizontal,240,1024,55,44,102
Servo Vertical,274,576,94,73,117
Servo Horizontal,238,1024,55,44,102
Servo Vertical,328,576,98,73,117
Servo Horizontal,232,1024,54,44,102
Servo Vertical,362,576,101,73,117
Servo Horizontal,225,1024,54,44,102
Servo Vertical,396,576,103,73,117
Servo Horizontal,223,1024,54,44,102
Servo Vertical,422,576,105,73,117
Servo Horizontal,226,1024,54,44,102
Servo Vertical,421,576,105,73,117
Servo Horizontal,203,1024,53,44,102
Servo Vertical,429,576,106,73,117
Servo Horizontal,179,1024,52,44,102
Servo Vertical,432,576,106,73,117
Servo Horizontal,130,1024,50,44,102
Servo Vertical,426,576,106,73,117
Servo Horizontal,126,1024,50,44,102
Servo Vertical,447,576,107,73,117
Servo Horizontal,90,1024,48,44,102
Servo Vertical,368,576,101,73,117
Servo Horizontal,798,1024,87,44,102
Servo Vertical,458,576,108,73,117
Servo Horizontal,84,1024,48,44,102
Servo Vertical,452,576,108,73,117
Servo Horizontal,136,1024,50,44,102
Servo Vertical,452,576,108,73,117
Servo Horizontal,186,1024,52,44,102
Servo Vertical,452,576,108,73,117
Servo Horizontal,246,1024,55,44,102
Servo Vertical,451,576,107,73,117
Servo Horizontal,320,1024,58,44,102
Servo Vertical,455,576,108,73,117
Servo Horizontal,370,1024,61,44,102
Servo Vertical,450,576,107,73,117
Servo Horizontal,410,1024,62,44,102
Servo Vertical,452,576,108,73,117
Servo Horizontal,453,1024,64,44,102
Servo Vertical,444,576,107,73,117
Servo Horizontal,480,1024,66,44,102
Servo Vertical,426,576,106,73,117
Servo Horizontal,524,1024,68,44,102
Servo Vertical,420,576,105,73,117
Servo Horizontal,559,1024,70,44,102
Servo Vertical,491,576,111,73,117
Servo Horizontal,218,1024,54,44,102
Servo Vertical,492,576,111,73,117
Servo Horizontal,221,1024,54,44,102
Servo Vertical,492,576,111,73,117
Servo Horizontal,219,1024,54,44,102
Servo Vertical,492,576,111,73,117
Servo Horizontal,220,1024,54,44,102
Servo Vertical,491,576,111,73,117
Servo Horizontal,220,1024,54,44,102
Servo Vertical,492,576,111,73,117
Servo Horizontal,218,1024,54,44,102
Servo Vertical,494,576,111,73,117
Servo Horizontal,217,1024,54,44,102
Servo Vertical,494,576,111,73,117
Servo Horizontal,215,1024,54,44,102
Servo Vertical,492,576,111,73,117
Servo Horizontal,215,1024,54,44,102
Servo Vertical,391,576,103,73,117
Servo Horizontal,612,1024,74,44,102
Servo Vertical,388,576,103,73,117
Servo Horizontal,614,1024,74,44,102
Servo Vertical,492,576,111,73,117
Servo Horizontal,214,1024,54,44,102
Servo Vertical,493,576,111,73,117
Servo Horizontal,215,1024,54,44,102
Servo Vertical,491,576,111,73,117
Servo Horizontal,217,1024,54,44,102
Servo Vertical,490,576,110,73,117
Servo Horizontal,218,1024,54,44,102
Servo Vertical,492,576,111,73,117
Servo Horizontal,216,1024,54,44,102
Servo Vertical,492,576,111,73,117
Servo Horizontal,218,1024,54,44,102
Servo Vertical,378,576,102,73,117
Servo Horizontal,620,1024,74,44,102
Servo Vertical,494,576,111,73,117
Servo Horizontal,216,1024,54,44,102
Servo Vertical,494,576,111,73,117
Servo Horizontal,214,1024,54,44,102
Servo Vertical,494,576,111,73,117
Servo Horizontal,220,1024,54,44,102
Servo Vertical,493,576,111,73,117
Servo Horizontal,214,1024,54,44,102
Servo Vertical,492,576,111,73,117
Servo Horizontal,214,1024,54,44,102
Servo Vertical,494,576,111,73,117
Servo Horizontal,216,1024,54,44,102
Servo Vertical,494,576,111,73,117
Servo Horizontal,214,1024,54,44,102
Servo Vertical,493,576,111,73,117
Servo Horizontal,219,1024,54,44,102
Servo Vertical,492,576,111,73,117
Servo Horizontal,214,1024,54,44,102
Servo Vertical,492,576,111,73,117
Servo Horizontal,214,1024,54,44,102
Servo Vertical,492,576,111,73,117
Servo Horizontal,214,1024,54,44,102
Servo Vertical,492,576,111,73,117
Servo Horizontal,212,1024,54,44,102
Servo Vertical,493,576,111,73,117
Servo Horizontal,215,1024,54,44,102
Servo Vertical,494,576,111,73,117
Servo Horizontal,214,1024,54,44,102
Servo Vertical,492,576,111,73,117
Servo Horizontal,214,1024,54,44,102
Servo Vertical,493,576,111,73,117
Servo Horizontal,213,1024,54,44,102
Servo Vertical,493,576,111,73,117
Servo Horizontal,215,1024,54,44,102
Servo Vertical,492,576,111,73,117
Servo Horizontal,214,1024,54,44,102
Servo Vertical,493,576,111,73,117
Servo Horizontal,213,1024,54,44,102
Servo Vertical,494,576,111,73,117
Servo Horizontal,214,1024,54,44,102
Servo Vertical,493,576,111,73,117
Servo Horizontal,212,1024,54,44,102
Servo Vertical,492,576,111,73,117
Servo Horizontal,213,1024,54,44,102
Servo Vertical,374,576,102,73,117
Servo Horizontal,614,1024,74,44,102
Servo Vertical,376,576,102,73,117
Servo Horizontal,615,1024,74,44,102
Servo Vertical,492,576,111,73,117
Servo Horizontal,212,1024,54,44,102
Servo Vertical,495,576,111,73,117
Servo Horizontal,216,1024,54,44,102
Servo Vertical,494,576,111,73,117
Servo Horizontal,214,1024,54,44,102
Servo Vertical,492,576,111,73,117
Servo Horizontal,214,1024,54,44,102
Servo Vertical,372,576,101,73,117
Servo Horizontal,600,1024,73,44,102
Servo Vertical,492,576,111,73,117
Servo Horizontal,216,1024,54,44,102
Servo Vertical,491,576,111,73,117
Servo Horizontal,213,1024,54,44,102
Servo Vertical,493,576,111,73,117
Servo Horizontal,215,1024,54,44,102
Servo Vertical,492,576,111,73,117
Servo Horizontal,214,1024,54,44,102
Servo Vertical,494,576,111,73,117
Servo Horizontal,214,1024,54,44,102
Servo Vertical,493,576,111,73,117
Servo Horizontal,211,1024,53,44,102
Servo Vertical,494,576,111,73,117
Servo Horizontal,212,1024,54,44,102
Servo Vertical,495,576,111,73,117
Servo Horizontal,214,1024,54,44,102
Servo Vertical,495,576,111,73,117
Servo Horizontal,214,1024,54,44,102
Servo Vertical,370,576,101,73,117
Servo Horizontal,590,1024,72,44,102
Servo Vertical,494,576,111,73,117
Servo Horizontal,212,1024,54,44,102
Servo Vertical,374,576,102,73,117
Servo Horizontal,588,1024,72,44,102
Servo Vertical,496,576,111,73,117
Servo Horizontal,215,1024,54,44,102
Servo Vertical,372,576,101,73,117
Servo Horizontal,580,1024,72,44,102
Servo Vertical,374,576,102,73,117
Servo Horizontal,580,1024,72,44,102
Servo Vertical,372,576,101,73,117
Servo Horizontal,580,1024,72,44,102
Servo Vertical,370,576,101,73,117
Servo Horizontal,578,1024,72,44,102
Servo Vertical,370,576,101,73,117
Servo Horizontal,578,1024,72,44,102
Servo Vertical,492,576,111,73,117
Servo Horizontal,212,1024,54,44,102
Servo Vertical,490,576,110,73,117
Servo Horizontal,212,1024,54,44,102
Servo Vertical,368,576,101,73,117
Servo Horizontal,568,1024,71,44,102
Servo Vertical,370,576,101,73,117
Servo Horizontal,566,1024,71,44,102
Servo Vertical,493,576,111,73,117
Servo Horizontal,212,1024,54,44,102
Servo Vertical,494,576,111,73,117
Servo Horizontal,212,1024,54,44,102
Servo Vertical,494,576,111,73,117
Servo Horizontal,218,1024,54,44,102
Servo Vertical,92,576,80,73,117
Servo Horizontal,778,1024,85,44,102
Servo Vertical,472,576,109,73,117
Servo Horizontal,740,1024,83,44,102
Servo Vertical,500,576,111,73,117
Servo Horizontal,690,1024,79,44,102
Servo Vertical,494,576,111,73,117
Servo Horizontal,211,1024,53,44,102
Servo Vertical,498,576,111,73,117
Servo Horizontal,184,1024,52,44,102
Servo Vertical,496,576,111,73,117
Servo Horizontal,210,1024,53,44,102
Servo Vertical,493,576,111,73,117
Servo Horizontal,217,1024,54,44,102
Servo Vertical,430,576,106,73,117
Servo Horizontal,345,1024,59,44,102
Servo Vertical,502,576,111,73,117
Servo Horizontal,838,1024,89,44,102
Servo Vertical,426,576,106,73,117
Servo Horizontal,828,1024,89,44,102
Servo Vertical,362,576,101,73,117
Servo Horizontal,626,1024,75,44,102
Servo Vertical,92,576,80,73,117
Servo Horizontal,780,1024,85,44,102
Servo Vertical,151,576,85,73,117
Servo Horizontal,710,1024,81,44,102
Servo Vertical,182,576,87,73,117
Servo Horizontal,498,1024,66,44,102
Servo Vertical,176,576,86,73,117
Servo Horizontal,282,1024,57,44,102
Servo Vertical,128,576,83,73,117
Servo Horizontal,101,1024,49,44,102
Servo Vertical,114,576,82,73,117
Servo Horizontal,74,1024,47,44,102
Servo Vertical,492,576,111,73,117
Servo Horizontal,206,1024,53,44,102
Servo Vertical,92,576,80,73,117
Servo Horizontal,782,1024,85,44,102
Servo Vertical,514,576,112,73,117
Servo Horizontal,976,1024,99,44,102
Servo Vertical,93,576,80,73,117
Servo Horizontal,783,1024,86,44,102
Servo Vertical,93,576,80,73,117
Servo Horizontal,782,1024,85,44,102
Servo Vertical,93,576,80,73,117
Servo Horizontal,783,1024,86,44,102
Servo Vertical,92,576,80,73,117
Servo Horizontal,782,1024,85,44,102
Servo Vertical,92,576,80,73,117
Servo Horizontal,784,1024,86,44,102
